forest,urban,other types
0.5143741365961596,0.02110477246230439,0.4645210909415361
